SOCP,Occupation,Native,Foreign Born,Percent Foreign Born
517011,Cabinetmakers and Bench Carpenters,131,170,56.48%
499031,Home Appliance Repairers,70,84,54.55%
331011,First-Line Supervisors of Correctional Officers,60,63,51.22%
513099,"Food Processing Workers, All Other",312,278,47.12%
472211,Sheet Metal Workers,626,396,38.75%
519111,Packaging and Filling Machine Operators and Tenders,1367,721,34.53%
151199,"Computer Occupations, All Other",2031,981,32.57%
532031,Flight Attendants,639,306,32.38%
493031,Bus and Truck Mechanics and Diesel Engine Specialists,903,412,31.33%
192099,"Physical Scientists, All Other",682,269,28.29%
472181,Roofers,1300,505,27.98%
351011,Chefs and Head Cooks,854,331,27.93%
291051,Pharmacists,979,355,26.61%
292041,Emergency Medical Technicians and Paramedics,424,149,26.00%
439111,Statistical Assistants,140,48,25.53%
351012,First-Line Supervisors of Food Preparation and Serving Workers,2233,724,24.48%
433011,Bill and Account Collectors,483,141,22.60%
113121,Human Resources Managers,1398,401,22.29%
291123,Physical Therapists,1077,298,21.67%
113071,"Transportation, Storage, and Distribution Managers",336,86,20.38%
319097,Phlebotomists,697,175,20.07%
516011,Laundry and Dry-Cleaning Workers,966,241,19.97%
259041,Teacher Assistants,2327,565,19.54%
291127,Speech-language Pathologists,838,191,18.56%
516031,Sewing Machine Operators,337,75,18.20%
359021,Dishwashers,1416,306,17.77%
151131,Computer Programmers,2003,401,16.68%
273041,Editors,183,36,16.44%
131022,"Wholesale and Retail Buyers, Except Farm Products",688,122,15.06%
513011,Bakers,997,167,14.35%
372012,Maids and Housekeeping Cleaners,5473,915,14.32%
151121,Computer Systems Analysts,1413,233,14.16%
119013,"Farmers, Ranchers, and Other Agricultural Managers",1048,169,13.89%
472031,Carpenters,3230,516,13.77%
291031,Dietitians and Nutritionists,715,102,12.48%
491011,"First-Line Supervisors of Mechanics, Installers, and Repairers",1300,184,12.40%
433071,Tellers,520,57,9.88%
119051,Food Service Managers,2497,226,8.30%
359031,"Hosts and Hostesses, Restaurant, Lounge, and Coffee Shop",1207,109,8.28%
434171,Receptionists and Information Clerks,4752,423,8.17%
472111,Electricians,3392,293,7.95%
434051,Customer Service Representatives,9188,768,7.71%
472061,Construction Laborers,5749,466,7.50%
291122,Occupational Therapists,982,79,7.45%
511011,First-Line Supervisors of Production and Operating Workers,3496,281,7.44%
132052,Personal Financial Advisors,1562,122,7.24%
353031,Waiters and Waitresses,12206,886,6.77%
291151,Nurse Anesthetists,221,16,6.75%
434081,"Hotel, Motel, and Resort Desk Clerks",887,64,6.73%
399021,Personal Care Aides,4699,290,5.81%
119111,Medical and Health Services Managers,2108,121,5.43%
493021,Automotive Body and Related Repairers,681,39,5.42%
291141,Registered Nurses,11658,667,5.41%
537062,"Laborers and Freight, Stock, and Material Movers, Hand",18993,1015,5.07%
435071,"Shipping, Receiving, and Traffic Clerks",3248,163,4.78%
431011,First-Line Supervisors of Office and Administrative Support Workers,3689,180,4.65%
537064,"Packers and Packagers, Hand",3564,163,4.37%
119021,Construction Managers,2092,89,4.08%
395012,"Hairdressers, Hairstylists, and Cosmetologists",2925,124,4.07%
172051,Civil Engineers,999,41,3.94%
519061,"Inspectors, Testers, Sorters, Samplers, and Weighers",3651,148,3.90%
413099,"Sales Representatives, Services, All Other",4265,168,3.79%
119141,"Property, Real Estate, and Community Association Managers",2377,91,3.69%
515112,Printing Press Operators,1522,58,3.67%
419099,"Sales and Related Workers, All Other",1478,56,3.65%
111021,General and Operations Managers,2958,108,3.52%
435081,Stock Clerks and Order Fillers,9662,347,3.47%
439022,Word Processors and Typists,1749,61,3.37%
399011,Childcare Workers,7454,257,3.33%
413021,Insurance Sales Agents,3809,131,3.32%
353021,"Combined Food Preparation and Serving Workers, Including Fast Food",2966,81,2.66%
412031,Retail Salespersons,13683,369,2.63%
411012,First-Line Supervisors of Non-Retail Sales Workers,5564,137,2.40%
132011,Accountants and Auditors,7043,150,2.09%
439061,"Office Clerks, General",4869,95,1.91%
131041,Compliance Officers,1473,18,1.21%
411011,First-Line Supervisors of Retail Sales Workers,10653,113,1.05%
119151,Social and Community Service Managers,1905,18,0.94%
131111,Management Analysts,2353,13,0.55%
