NAICSP,Occupation,Native,Foreign Born,Percent Foreign Born
3366,MFG-SHIP AND BOAT BUILDING,481,327,40.47%
3116,MFG-ANIMAL SLAUGHTERING AND PROCESSING,1621,917,36.13%
481,TRN-AIR TRANSPORTATION,1309,530,28.82%
4244,WHL-GROCERY AND RELATED PRODUCT MERCHANT WHOLESALERS,2282,876,27.74%
3255,"MFG-PAINT, COATING, AND ADHESIVES",876,284,24.48%
4235,"WHL-METALS AND MINERALS, EXCEPT PETROLEUM, MERCHANT",35,11,23.91%
5415,PRF-COMPUTER SYSTEMS DESIGN AND RELATED SERVICES,4829,1239,20.42%
8123,SRV-DRYCLEANING AND LAUNDRY SERVICES,1354,332,19.69%
3352,MFG-HOUSEHOLD APPLIANCES,4562,1058,18.83%
3211,MFG-SAWMILLS AND WOOD PRESERVATION,643,148,18.71%
482,TRN-RAIL TRANSPORTATION,732,161,18.03%
562,PRF-WASTE MANAGEMENT AND REMEDIATION SERVICES,2205,459,17.23%
5417,PRF-SCIENTIFIC RESEARCH AND DEVELOPMENT SERVICES,1199,246,17.02%
112,AGR-ANIMAL PRODUCTION AND AQUACULTURE,1156,215,15.68%
9920,UNEMPLOYED AND LAST WORKED 5 YEARS AGO OR EARLIER OR,4458,829,15.68%
814,SRV-PRIVATE HOUSEHOLDS,2685,484,15.27%
45322,"RET-GIFT, NOVELTY, AND SOUVENIR SHOPS",693,122,14.97%
3254,MFG-PHARMACEUTICALS AND MEDICINES,926,148,13.78%
5112,INF-SOFTWARE PUBLISHERS,211,32,13.17%
3321,MFG-METAL FORGINGS AND STAMPINGS,1173,173,12.85%
3252,"MFG-RESIN, SYNTHETIC RUBBER, AND FIBERS AND FILAMENTS",3413,476,12.24%
45211,RET-DEPARTMENT AND DISCOUNT STORES,8099,1026,11.24%
111,AGR-CROP PRODUCTION,2407,286,10.62%
5418,"PRF-ADVERTISING, PUBLIC RELATIONS, AND RELATED SERVICES",1622,178,9.89%
484,TRN-TRUCK TRANSPORTATION,7161,749,9.47%
5614,PRF-BUSINESS SUPPORT SERVICES,4993,507,9.22%
23,"CON-CONSTRUCTION, INCL CLEANING DURING AND IMM AFTER",28926,2882,9.06%
4413,"RET-AUTOMOTIVE PARTS, ACCESSORIES, AND TIRE STORES",2075,195,8.59%
4453,"RET-BEER, WINE, AND LIQUOR STORES",955,85,8.17%
712,"ENT-MUSEUMS, ART GALLERIES, HISTORICAL SITES, AND",1312,115,8.06%
44611,RET-PHARMACIES AND DRUG STORES,4105,355,7.96%
3391,MFG-MEDICAL EQUIPMENT AND SUPPLIES,522,44,7.77%
493,TRN-WAREHOUSING AND STORAGE,1973,163,7.63%
4238,"WHL-MACHINERY, EQUIPMENT, AND SUPPLIES MERCHANT",3063,244,7.38%
6211,MED-OFFICES OF PHYSICIANS,6631,492,6.91%
622,MED-HOSPITALS,30022,2077,6.47%
7211,ENT-TRAVELER ACCOMMODATION,4473,305,6.38%
447,RET-GASOLINE STATIONS,2383,145,5.74%
5616,PRF-INVESTIGATION AND SECURITY SERVICES,2187,132,5.69%
4481,RET-CLOTHING STORES,4596,277,5.68%
524,FIN-INSURANCE CARRIERS AND RELATED ACTIVITIES,19668,1175,5.64%
3261,MFG-PLASTICS PRODUCTS,2730,142,4.94%
443142,RET-ELECTRONICS STORES,1280,64,4.76%
492,TRN-COURIERS AND MESSENGERS,12099,604,4.75%
6241,SCA-INDIVIDUAL AND FAMILY SERVICES,5764,279,4.62%
6214,MED-OUTPATIENT CARE CENTERS,4520,211,4.46%
337,MFG-FURNITURE AND RELATED PRODUCTS,7901,342,4.15%
4234,WHL-PROFESSIONAL AND COMMERCIAL EQUIPMENT AND SUPPLIES,1926,83,4.13%
3114,MFG-FRUIT AND VEGETABLE PRESERVING AND SPECIALTY FOODS,1045,45,4.13%
51111,INF-NEWSPAPER PUBLISHERS,1843,79,4.11%
5613,PRF-EMPLOYMENT SERVICES,7600,310,3.92%
6244,SCA-CHILD DAY CARE SERVICES,8884,331,3.59%
5411,PRF-LEGAL SERVICES,4680,171,3.53%
812112,SRV-BEAUTY SALONS,3528,124,3.40%
5413,"PRF-ARCHITECTURAL, ENGINEERING, AND RELATED SERVICES",2966,97,3.17%
4411,RET-AUTOMOBILE DEALERS,4264,128,2.91%
4531,RET-FLORISTS,420,12,2.78%
3345,"MFG-NAVIGATIONAL, MEASURING, ELECTROMEDICAL, AND",897,24,2.61%
6111,EDU-ELEMENTARY AND SECONDARY SCHOOLS,30022,693,2.26%
531,FIN-REAL ESTATE,8251,185,2.19%
711,"ENT-PERFORMING ARTS, SPECTATOR",4362,65,1.47%
5412,"PRF-ACCOUNTING, TAX PREPARATION, BOOKKEEPING, AND",4697,64,1.34%
56173,PRF-LANDSCAPING SERVICES,3954,48,1.20%
6231,MED-NURSING CARE FACILITIES (SKILLED NURSING,12435,146,1.16%
6216,MED-HOME HEALTH CARE SERVICES,4022,40,0.98%
4451,RET-GROCERY STORES,11413,112,0.97%
442,RET-FURNITURE AND HOME FURNISHINGS STORES,2154,21,0.97%
4539,RET-MISCELLANEOUS RETAIL STORES,3164,27,0.85%
5416,"PRF-MANAGEMENT, SCIENTIFIC, AND TECHNICAL CONSULTING",5256,41,0.77%
