NAICSP,Occupation,Native,Foreign Born,Percent Foreign Born
3159,MFG-APPAREL ACCESSORIES AND OTHER APPAREL,410,456,52.66%
3341,MFG-COMPUTER AND PERIPHERAL EQUIPMENT,6197,2359,27.57%
3116,MFG-ANIMAL SLAUGHTERING AND PROCESSING,36676,10472,22.21%
3365,MFG-RAILROAD ROLLING STOCK,4011,978,19.60%
3133,MFG-TEXTILE AND FABRIC FINISHING AND FABRIC COATING,2449,504,17.07%
3279,MFG-MISCELLANEOUS NONMETALLIC MINERAL PRODUCTS,11393,2263,16.57%
5417,PRF-SCIENTIFIC RESEARCH AND DEVELOPMENT SERVICES,39055,6542,14.35%
7211,ENT-TRAVELER ACCOMMODATION,102798,16636,13.93%
812111,SRV-BARBER SHOPS,9544,1513,13.68%
4853,TRN-TAXI AND LIMOUSINE SERVICE,13049,2045,13.55%
5415,PRF-COMPUTER SYSTEMS DESIGN AND RELATED SERVICES,118241,17476,12.88%
3336,"MFG-ENGINE, TURBINE, AND POWER TRANSMISSION EQUIPMENT",15929,2287,12.55%
8123,SRV-DRYCLEANING AND LAUNDRY SERVICES,29769,4218,12.41%
3256,"MFG-SOAP, CLEANING COMPOUND, AND COSMETICS",26068,3549,11.98%
3255,"MFG-PAINT, COATING, AND ADHESIVES",15166,2064,11.98%
112,AGR-ANIMAL PRODUCTION AND AQUACULTURE,39388,5279,11.82%
3131,"MFG-FIBER, YARN, AND THREAD MILLS",1188,151,11.28%
111,AGR-CROP PRODUCTION,95017,11773,11.02%
3152,MFG-CUT AND SEW APPAREL,19043,2259,10.60%
3366,MFG-SHIP AND BOAT BUILDING,9058,1070,10.56%
454111,RET-ELECTRONIC SHOPPING,21729,2523,10.40%
454113,RET-MAIL-ORDER HOUSES,23075,2596,10.11%
56173,PRF-LANDSCAPING SERVICES,136906,15246,10.02%
814,SRV-PRIVATE HOUSEHOLDS,63511,6579,9.39%
447,RET-GASOLINE STATIONS,85318,8272,8.84%
3114,MFG-FRUIT AND VEGETABLE PRESERVING AND SPECIALTY FOODS,25020,2361,8.62%
3391,MFG-MEDICAL EQUIPMENT AND SUPPLIES,58736,5427,8.46%
55,PRF-MANAGEMENT OF COMPANIES AND ENTERPRISES,9715,891,8.40%
493,TRN-WAREHOUSING AND STORAGE,58244,5072,8.01%
3333,MFG-COMMERCIAL AND SERVICE INDUSTRY MACHINERY,7512,651,7.98%
5615,PRF-TRAVEL ARRANGEMENTS AND RESERVATION SERVICES,17207,1486,7.95%
3113,MFG-SUGAR AND CONFECTIONERY PRODUCTS,9590,810,7.79%
3272,MFG-GLASS AND GLASS PRODUCTS,29629,2453,7.65%
3254,MFG-PHARMACEUTICALS AND MEDICINES,40922,3382,7.63%
4244,WHL-GROCERY AND RELATED PRODUCT MERCHANT WHOLESALERS,61801,4969,7.44%
4481,RET-CLOTHING STORES,110254,8662,7.28%
5112,INF-SOFTWARE PUBLISHERS,4668,352,7.01%
3352,MFG-HOUSEHOLD APPLIANCES,31182,2343,6.99%
23,"CON-CONSTRUCTION, INCL CLEANING DURING AND IMM AFTER",928007,69243,6.94%
4243,"WHL-APPAREL, PIECE GOODS, AND NOTIONS MERCHANT",8749,646,6.88%
3261,MFG-PLASTICS PRODUCTS,83868,6057,6.74%
5321,FIN-AUTOMOTIVE EQUIPMENT RENTAL AND LEASING,17542,1254,6.67%
5416,"PRF-MANAGEMENT, SCIENTIFIC, AND TECHNICAL CONSULTING",107541,7646,6.64%
51912,INF-LIBRARIES AND ARCHIVES,30896,2182,6.60%
5182,"INF-DATA PROCESSING, HOSTING, AND RELATED SERVICES",12528,878,6.55%
5413,"PRF-ARCHITECTURAL, ENGINEERING, AND RELATED SERVICES",106193,7422,6.53%
3335,MFG-METALWORKING MACHINERY,36579,2409,6.18%
32221,MFG-PAPERBOARD CONTAINER,18788,1235,6.17%
4483,"RET-JEWELRY, LUGGAGE, AND LEATHER GOODS STORES",18010,1170,6.10%
4245,WHL-FARM PRODUCT RAW MATERIAL MERCHANT WHOLESALERS,7200,436,5.71%
3252,"MFG-RESIN, SYNTHETIC RUBBER, AND FIBERS AND FILAMENTS",43894,2641,5.68%
211,EXT-OIL AND GAS EXTRACTION,2173,130,5.64%
4452,RET-SPECIALTY FOOD STORES,22991,1327,5.46%
2122,EXT-METAL ORE MINING,1052,60,5.40%
5613,PRF-EMPLOYMENT SERVICES,190233,10742,5.34%
4236,WHL-HOUSEHOLD APPLIANCES AND ELECTRICAL AND ELECTRONIC,23995,1350,5.33%
8113,SRV-COMMERCIAL AND INDUSTRIAL MACHINERY AND EQUIPMENT,25772,1424,5.24%
9920,UNEMPLOYED AND LAST WORKED 5 YEARS AGO OR EARLIER OR,191305,10569,5.24%
481,TRN-AIR TRANSPORTATION,28279,1556,5.22%
8114,SRV-PERSONAL AND HOUSEHOLD GOODS REPAIR AND MAINTENANCE,19481,1057,5.15%
45321,RET-OFFICE SUPPLIES AND STATIONERY STORES,16349,874,5.07%
4233,WHL-LUMBER AND OTHER CONSTRUCTION MATERIALS MERCHANT,17958,947,5.01%
6216,MED-HOME HEALTH CARE SERVICES,144062,7578,5.00%
6211,MED-OFFICES OF PHYSICIANS,175842,9230,4.99%
62132,MED-OFFICES OF OPTOMETRISTS,15592,808,4.93%
4232,WHL-FURNITURE AND HOME FURNISHING MERCHANT WHOLESALERS,6119,317,4.93%
622,MED-HOSPITALS,791330,40962,4.92%
4539,RET-MISCELLANEOUS RETAIL STORES,52461,2629,4.77%
3211,MFG-SAWMILLS AND WOOD PRESERVATION,18876,938,4.73%
5121,INF-MOTION PICTURE AND VIDEO INDUSTRIES,29008,1424,4.68%
4234,WHL-PROFESSIONAL AND COMMERCIAL EQUIPMENT AND SUPPLIES,37808,1854,4.67%
8129,SRV-OTHER PERSONAL SERVICES,36304,1761,4.63%
45322,"RET-GIFT, NOVELTY, AND SOUVENIR SHOPS",22695,1090,4.58%
5614,PRF-BUSINESS SUPPORT SERVICES,102857,4930,4.57%
3315,MFG-FOUNDRIES,27350,1305,4.55%
524,FIN-INSURANCE CARRIERS AND RELATED ACTIVITIES,277146,13083,4.51%
488,TRN-SERVICES INCIDENTAL TO TRANSPORTATION,66776,3003,4.30%
6214,MED-OUTPATIENT CARE CENTERS,131733,5913,4.30%
711,"ENT-PERFORMING ARTS, SPECTATOR",74413,3286,4.23%
311811,MFG-RETAIL BAKERIES,21480,948,4.23%
492,TRN-COURIERS AND MESSENGERS,131265,5729,4.18%
44611,RET-PHARMACIES AND DRUG STORES,111538,4816,4.14%
4531,RET-FLORISTS,14755,636,4.13%
5418,"PRF-ADVERTISING, PUBLIC RELATIONS, AND RELATED SERVICES",33245,1427,4.12%
32411,MFG-PETROLEUM REFINING,13896,589,4.07%
812112,SRV-BEAUTY SALONS,98613,4117,4.01%
45113,"RET-SEWING, NEEDLEWORK, AND PIECE GOODS STORES",8774,365,3.99%
4413,"RET-AUTOMOTIVE PARTS, ACCESSORIES, AND TIRE STORES",61575,2553,3.98%
5412,"PRF-ACCOUNTING, TAX PREPARATION, BOOKKEEPING, AND",104320,4294,3.95%
3321,MFG-METAL FORGINGS AND STAMPINGS,21362,867,3.90%
3327,"MFG-MACHINE SHOPS; TURNED PRODUCTS; SCREWS, NUTS AND",59751,2417,3.89%
4451,RET-GROCERY STORES,326612,13203,3.89%
443142,RET-ELECTRONICS STORES,45854,1852,3.88%
443141,RET-HOUSEHOLD APPLIANCE STORES,7025,282,3.86%
484,TRN-TRUCK TRANSPORTATION,235733,9076,3.71%
4231,WHL-MOTOR VEHICLES AND MOTOR VEHICLE PARTS AND SUPPLIES,30931,1186,3.69%
3328,"MFG-COATING, ENGRAVING, HEAT TREATING AND ALLIED",20366,766,3.62%
2123,EXT-NONMETALLIC MINERAL MINING AND QUARRYING,12224,459,3.62%
3212,"MFG-VENEER, PLYWOOD, AND ENGINEERED WOOD PRODUCTS",6092,227,3.59%
45439,RET-OTHER DIRECT SELLING ESTABLISHMENTS,17904,667,3.59%
45211,RET-DEPARTMENT AND DISCOUNT STORES,311144,11360,3.52%
3221,"MFG-PULP, PAPER, AND PAPERBOARD MILLS",26014,949,3.52%
6231,MED-NURSING CARE FACILITIES (SKILLED NURSING,291913,10574,3.50%
442,RET-FURNITURE AND HOME FURNISHINGS STORES,52734,1903,3.48%
562,PRF-WASTE MANAGEMENT AND REMEDIATION SERVICES,60271,2167,3.47%
6244,SCA-CHILD DAY CARE SERVICES,180082,6469,3.47%
4237,"WHL-HARDWARE, AND PLUMBING AND HEATING EQUIPMENT, AND",19259,683,3.42%
42491,WHL-FARM SUPPLIES MERCHANT WHOLESALERS,3420,117,3.31%
44821,RET-SHOE STORES,21312,723,3.28%
4238,"WHL-MACHINERY, EQUIPMENT, AND SUPPLIES MERCHANT",51706,1754,3.28%
3231,MFG-PRINTING AND RELATED SUPPORT ACTIVITIES,75385,2505,3.22%
327120,MFG-CLAY BUILDING MATERIAL AND REFRACTORIES,5655,187,3.20%
6241,SCA-INDIVIDUAL AND FAMILY SERVICES,149357,4916,3.19%
8112,SRV-ELECTRONIC AND PRECISION EQUIPMENT REPAIR AND,15448,501,3.14%
811192,SRV-CAR WASHES,18407,596,3.14%
482,TRN-RAIL TRANSPORTATION,30697,985,3.11%
33311,MFG-AGRICULTURAL IMPLEMENTS,13176,411,3.02%
6242,"SCA-COMMUNITY FOOD AND HOUSING, AND EMERGENCY SERVICES",13721,426,3.01%
92119,ADM-OTHER GENERAL GOVERNMENT AND SUPPORT,14723,447,2.95%
45121,RET-BOOK STORES AND NEWS DEALERS,17902,543,2.94%
531,FIN-REAL ESTATE,194639,5869,2.93%
5171,INF-WIRED TELECOMMUNICATIONS CARRIERS,52625,1569,2.90%
5411,PRF-LEGAL SERVICES,121703,3597,2.87%
4453,"RET-BEER, WINE, AND LIQUOR STORES",15870,465,2.85%
6212,MED-OFFICES OF DENTISTS,88263,2581,2.84%
712,"ENT-MUSEUMS, ART GALLERIES, HISTORICAL SITES, AND",44969,1314,2.84%
4411,RET-AUTOMOBILE DEALERS,138786,3934,2.76%
3345,"MFG-NAVIGATIONAL, MEASURING, ELECTROMEDICAL, AND",31533,886,2.73%
4247,WHL-PETROLEUM AND PETROLEUM PRODUCTS MERCHANT,8451,230,2.65%
4241,WHL-PAPER AND PAPER PRODUCTS MERCHANT WHOLESALERS,6939,186,2.61%
4248,WHL-ALCOHOLIC BEVERAGES MERCHANT WHOLESALERS,8657,225,2.53%
337,MFG-FURNITURE AND RELATED PRODUCTS,65871,1711,2.53%
454310,RET-FUEL DEALERS,10073,260,2.52%
54194,PRF-VETERINARY SERVICES,39528,1008,2.49%
5616,PRF-INVESTIGATION AND SECURITY SERVICES,81455,1986,2.38%
515,"INF-BROADCASTING, EXCEPT INTERNET",47961,1150,2.34%
7224,"ENT-DRINKING PLACES, ALCOHOLIC BEVERAGES",26829,629,2.29%
8122,"SRV-FUNERAL HOMES, CEMETERIES AND CREMATORIES",23275,541,2.27%
6111,EDU-ELEMENTARY AND SECONDARY SCHOOLS,918623,21106,2.25%
8131,SRV-RELIGIOUS ORGANIZATIONS,145708,3347,2.25%
4529,RET-MISCELLANEOUS GENERAL MERCHANDISE STORES,72720,1642,2.21%
62131,MED-OFFICES OF CHIROPRACTORS,10866,238,2.14%
3313,MFG-ALUMINUM PRODUCTION AND PROCESSING,21008,452,2.11%
51111,INF-NEWSPAPER PUBLISHERS,33613,719,2.09%
5414,PRF-SPECIALIZED DESIGN SERVICES,22175,453,2.00%
115,AGR-SUPPORT ACTIVITIES FOR AGRICULTURE AND FORESTRY,11347,225,1.94%
923,ADM-ADMINISTRATION OF HUMAN RESOURCE PROGRAMS,63246,1149,1.78%
92113,ADM-PUBLIC FINANCE ACTIVITIES,34166,599,1.72%
4235,"WHL-METALS AND MINERALS, EXCEPT PETROLEUM, MERCHANT",7945,132,1.63%
491,TRN-POSTAL SERVICE,70649,1063,1.48%
45114,RET-MUSICAL INSTRUMENT AND SUPPLIES STORES,4811,62,1.27%
6243,SCA-VOCATIONAL REHABILITATION SERVICES,33662,428,1.26%
3314,"MFG-NONFERROUS METAL, EXCEPT ALUMINUM, PRODUCTION AND",12743,162,1.26%
213,EXT-SUPPORT ACTIVITIES FOR MINING,10961,135,1.22%
3115,MFG-DAIRY PRODUCTS,13804,165,1.18%
32621,MFG-TIRES,18276,211,1.14%
3253,MFG-AGRICULTURAL CHEMICALS,3570,39,1.08%
4442,RET-LAWN AND GARDEN EQUIPMENT AND SUPPLIES STORES,32141,340,1.05%
32711,"MFG-POTTERY, CERAMICS, AND PLUMBING FIXTURE",5060,44,0.86%
3369,MFG-OTHER TRANSPORTATION EQUIPMENT,5322,43,0.80%
4533,RET-USED MERCHANDISE STORES,41190,312,0.75%
2121,EXT-COAL MINING,33581,252,0.74%
483,TRN-WATER TRANSPORTATION,4921,32,0.65%
81393,SRV-LABOR UNIONS,8320,52,0.62%
4251,WHL-WHOLESALE ELECTRONIC MARKETS AND AGENTS AND BROKERS,9699,58,0.59%
42393,WHL-RECYCLABLE MATERIAL MERCHANT WHOLESALERS,13700,81,0.59%
3322,MFG-CUTLERY AND HAND TOOLS,9389,46,0.49%
4412,RET-OTHER MOTOR VEHICLE DEALERS,18221,78,0.43%
3121,MFG-BEVERAGE,25692,60,0.23%
1133,AGR-LOGGING,11038,23,0.21%
44413,RET-HARDWARE STORES,23810,46,0.19%
454112,RET-ELECTRONIC AUCTIONS,4978,8,0.16%
