SOCP,Occupation,Native,Foreign Born,Percent Foreign Born
192099,"Physical Scientists, All Other",10021,9020,47.37%
172061,Computer Hardware Engineers,1905,1521,44.40%
452011,Agricultural Inspectors,699,308,30.59%
454011,Forest and Conservation Workers,1623,674,29.34%
515113,Print Binding and Finishing Workers,1978,672,25.36%
291199,"Health Diagnosing and Treating Practitioners, All Other",1543,489,24.06%
516093,Upholsterers,3371,1013,23.11%
519194,Etchers and Engravers,808,216,21.09%
516031,Sewing Machine Operators,16018,4210,20.81%
151111,Computer and Information Research Scientists,536,137,20.36%
151141,Database Administrators,9092,2254,19.87%
151143,Computer Network Architects,6870,1542,18.33%
472181,Roofers,28927,6256,17.78%
291123,Physical Therapists,16678,3306,16.54%
519111,Packaging and Filling Machine Operators and Tenders,38964,7701,16.50%
513091,"Food and Tobacco Roasting, Baking, and Drying Machine Operators and Tenders",1427,277,16.26%
519051,"Furnace, Kiln, Oven, Drier, and Kettle Operators and Tenders",1881,353,15.80%
172041,Chemical Engineers,6980,1299,15.69%
536061,"Transportation Attendants, Except Flight Attendants and Baggage Porters",1179,195,14.19%
372012,Maids and Housekeeping Cleaners,142861,23578,14.17%
439081,Proofreaders and Copy Markers,994,162,14.01%
152011,Actuaries,1849,300,13.96%
433061,Procurement Clerks,2682,433,13.90%
513092,Food Batchmakers,12382,1954,13.63%
434141,New Accounts Clerks,809,127,13.57%
537064,"Packers and Packagers, Hand",79436,11887,13.02%
151131,Computer Programmers,35429,5218,12.84%
172141,Mechanical Engineers,32611,4568,12.29%
172131,Materials Engineers,5020,697,12.19%
351011,Chefs and Head Cooks,28485,3907,12.06%
151121,Computer Systems Analysts,38383,5177,11.88%
231012,Judicial Law Clerks,592,78,11.64%
395011,Barbers,9924,1306,11.63%
291181,Audiologists,1900,244,11.38%
516011,Laundry and Dry-Cleaning Workers,22981,2946,11.36%
331021,First-Line Supervisors of Fire Fighting and Prevention Workers,4458,563,11.21%
472161,Plasterers and Stucco Masons,678,85,11.14%
493011,Aircraft Mechanics and Service Technicians,9636,1203,11.10%
172051,Civil Engineers,22200,2655,10.68%
193051,Urban and Regional Planners,1365,163,10.67%
359021,Dishwashers,42279,5015,10.60%
472031,Carpenters,120483,13813,10.29%
119051,Food Service Managers,97272,10878,10.06%
492097,Electronic Home Entertainment Equipment Installers and Repairers,5678,627,9.94%
519195,"Molders, Shapers, and Casters, Except Metal and Plastic",3567,393,9.92%
474061,Rail-Track Laying and Maintenance Equipment Operators,1473,161,9.85%
513099,"Food Processing Workers, All Other",12482,1362,9.84%
132051,Financial Analysts,15307,1610,9.52%
452041,"Graders and Sorters, Agricultural Products",2160,226,9.47%
533041,Taxi Drivers and Chauffeurs,20760,2133,9.32%
514023,"Rolling Machine Setters, Operators, and Tenders, Metal and Plastic",2088,213,9.26%
514021,"Extruding and Drawing Machine Setters, Operators, and Tenders, Metal and Plastic",3514,357,9.22%
131111,Management Analysts,52413,5181,9.00%
472061,Construction Laborers,173532,16424,8.65%
119081,Lodging Managers,7532,709,8.60%
194031,Chemical Technicians,11100,1044,8.60%
132061,Financial Examiners,709,65,8.40%
532031,Flight Attendants,5769,525,8.34%
254031,Library Technicians,6363,571,8.23%
419041,Telemarketers,17644,1578,8.21%
119041,Architectural and Engineering Managers,12681,1122,8.13%
291011,Chiropractors,2221,195,8.07%
517042,"Woodworking Machine Setters, Operators, and Tenders, Except Sawing",3918,336,7.90%
493021,Automotive Body and Related Repairers,18173,1557,7.89%
119121,Natural Sciences Managers,1263,107,7.81%
516021,"Pressers, Textile, Garment, and Related Materials",8618,720,7.71%
112031,Public Relations and Fundraising Managers,4311,357,7.65%
131161,Market Research Analysts and Marketing Specialists,26223,2166,7.63%
413041,Travel Agents,5415,445,7.59%
433011,Bill and Account Collectors,22719,1863,7.58%
291051,Pharmacists,32976,2696,7.56%
151142,Network and Computer Systems Administrators,14026,1109,7.33%
515111,Prepress Technicians and Workers,6685,525,7.28%
537063,Machine Feeders and Offbearers,4540,350,7.16%
439011,Computer Operators,9175,701,7.10%
151199,"Computer Occupations, All Other",44660,3360,7.00%
412021,Counter and Rental Clerks,8576,612,6.66%
493023,Automotive Service Technicians and Mechanics,80649,5736,6.64%
352021,Food Preparation Workers,111296,7871,6.61%
519151,Photographic Process Workers and Processing Machine Operators,3352,236,6.58%
499098,"Helpers--Installation, Maintenance, and Repair Workers",2712,188,6.48%
537051,Industrial Truck and Tractor Operators,89108,6168,6.47%
472221,Structural Iron and Steel Workers,6985,483,6.47%
353031,Waiters and Waitresses,257513,17752,6.45%
291031,Dietitians and Nutritionists,11287,761,6.32%
113021,Computer and Information Systems Managers,37796,2535,6.29%
433099,"Financial Clerks, All Other",7877,525,6.25%
151134,Web Developers,13246,880,6.23%
172011,Aerospace Engineers,5126,339,6.20%
439111,Statistical Assistants,2199,145,6.19%
513011,Bakers,20777,1367,6.17%
351012,First-Line Supervisors of Food Preparation and Serving Workers,63287,4107,6.09%
291081,Podiatrists,1304,82,5.92%
536021,Parking Lot Attendants,7278,450,5.82%
211093,Social and Human Service Assistants,18600,1150,5.82%
472211,Sheet Metal Workers,15615,957,5.77%
113121,Human Resources Managers,33252,2009,5.70%
131199,"Business Operations Specialists, All Other",23455,1406,5.66%
519061,"Inspectors, Testers, Sorters, Samplers, and Weighers",125028,7226,5.46%
113051,Industrial Production Managers,32763,1864,5.38%
291126,Respiratory Therapists,13287,739,5.27%
131022,"Wholesale and Retail Buyers, Except Farm Products",19862,1064,5.08%
291124,Radiation Therapists,1427,76,5.06%
537062,"Laborers and Freight, Stock, and Material Movers, Hand",386791,20419,5.01%
131023,"Purchasing Agents, Except Wholesale, Retail, and Farm Products",29707,1564,5.00%
493031,Bus and Truck Mechanics and Diesel Engine Specialists,34437,1806,4.98%
399021,Personal Care Aides,116438,6071,4.96%
339021,Private Detectives and Investigators,8011,417,4.95%
292071,Medical Records and Health Information Technicians,19611,1017,4.93%
371011,First-Line Supervisors of Housekeeping and Janitorial Workers,19816,1026,4.92%
399041,Residential Advisors,12834,656,4.86%
537061,Cleaners of Vehicles and Equipment,47642,2349,4.70%
434081,"Hotel, Motel, and Resort Desk Clerks",14761,725,4.68%
519196,"Paper Goods Machine Setters, Operators, and Tenders",4156,203,4.66%
492091,Avionics Technicians,1317,64,4.63%
474041,Hazardous Materials Removal Workers,4761,231,4.63%
111021,General and Operations Managers,78082,3783,4.62%
419031,Sales Engineers,3179,152,4.56%
132052,Personal Financial Advisors,27586,1313,4.54%
515112,Printing Press Operators,25883,1226,4.52%
514041,Machinists,60977,2880,4.51%
359031,"Hosts and Hostesses, Restaurant, Lounge, and Coffee Shop",40545,1871,4.41%
113071,"Transportation, Storage, and Distribution Managers",22711,1003,4.23%
392021,Nonfarm Animal Caretakers,24834,1094,4.22%
434131,Loan Interviewers and Clerks,9174,404,4.22%
499051,Electrical Power-Line Installers and Repairers,12182,532,4.18%
435071,"Shipping, Receiving, and Traffic Clerks",88597,3856,4.17%
152031,Operations Research Analysts,9742,421,4.14%
272012,Producers and Directors,9059,389,4.12%
259041,Teacher Assistants,100816,4317,4.11%
471011,First-Line Supervisors of Construction Trades and Extraction Workers,69810,2988,4.10%
291041,Optometrists,3464,148,4.10%
212099,"Religious Workers, All Other",7760,327,4.04%
433021,Billing and Posting Clerks,56755,2345,3.97%
131041,Compliance Officers,18753,773,3.96%
517041,"Sawing Machine Setters, Operators, and Tenders, Wood",7726,318,3.95%
439071,"Office Machine Operators, Except Computer",5503,226,3.94%
411011,First-Line Supervisors of Retail Sales Workers,321403,13118,3.92%
371012,"First-Line Supervisors of Landscaping, Lawn Service, and Groundskeeping Workers",16893,688,3.91%
113011,Administrative Services Managers,13052,531,3.91%
319011,Massage Therapists,11857,482,3.91%
254021,Librarians,20462,812,3.82%
537021,Crane and Tower Operators,12617,496,3.78%
412031,Retail Salespersons,382678,15034,3.78%
132011,Accountants and Auditors,178074,6850,3.70%
353041,"Food Servers, Nonrestaurant",19709,758,3.70%
119151,Social and Community Service Managers,28923,1100,3.66%
212011,Clergy,53364,2020,3.65%
399011,Childcare Workers,154652,5824,3.63%
499044,Millwrights,9412,354,3.62%
212021,"Directors, Religious Activities and Education",7065,262,3.58%
119111,Medical and Health Services Managers,65113,2401,3.56%
131011,"Agents and Business Managers of Artists, Performers, and Athletes",4265,156,3.53%
439021,Data Entry Keyers,41442,1490,3.47%
353021,"Combined Food Preparation and Serving Workers, Including Fast Food",69177,2463,3.44%
519071,Jewelers and Precious Stone and Metal Workers,2087,74,3.42%
499043,"Maintenance Workers, Machinery",6038,211,3.38%
113131,Training and Development Managers,4580,160,3.38%
435061,"Production, Planning, and Expediting Clerks",38775,1349,3.36%
492011,"Computer, Automated Teller, and Office Machine Repairers",18604,637,3.31%
113031,Financial Managers,97769,3320,3.28%
292061,Licensed Practical and Licensed Vocational Nurses,123123,4167,3.27%
434171,Receptionists and Information Clerks,121532,4108,3.27%
319091,Dental Assistants,27245,919,3.26%
132053,Insurance Underwriters,8778,294,3.24%
433051,Payroll and Timekeeping Clerks,19200,642,3.24%
291141,Registered Nurses,349573,11683,3.23%
433071,Tellers,43225,1437,3.22%
435081,Stock Clerks and Order Fillers,230095,7638,3.21%
291127,Speech-language Pathologists,14655,486,3.21%
439022,Word Processors and Typists,35363,1163,3.18%
435021,Couriers and Messengers,27003,865,3.10%
435111,"Weighers, Measurers, Checkers, and Samplers, Recordkeeping",9406,300,3.09%
319095,Pharmacy Aides,3047,97,3.09%
491011,"First-Line Supervisors of Mechanics, Installers, and Repairers",27361,870,3.08%
434051,Customer Service Representatives,321266,10204,3.08%
395012,"Hairdressers, Hairstylists, and Cosmetologists",87342,2747,3.05%
435051,Postal Service Clerks,10650,333,3.03%
434121,"Library Assistants, Clerical",14615,453,3.01%
119013,"Farmers, Ranchers, and Other Agricultural Managers",64502,1972,2.97%
273041,Editors,11618,348,2.91%
392011,Animal Trainers,3961,118,2.89%
319092,Medical Assistants,52926,1576,2.89%
474011,Construction and Building Inspectors,8716,259,2.89%
434181,Reservation and Transportation Ticket Agents and Travel Clerks,8664,256,2.87%
435053,"Postal Service Mail Sorters, Processors, and Processing Machine Operators",5127,151,2.86%
492092,"Electric Motor, Power Tool, and Related Repairers",2765,81,2.85%
434071,File Clerks,32733,956,2.84%
419091,"Door-to-Door Sales Workers, News and Street Vendors, and Related Workers",18458,538,2.83%
514111,Tool and Die Makers,17441,500,2.79%
292081,"Opticians, Dispensing",7778,220,2.75%
451011,"First-Line Supervisors of Farming, Fishing, and Forestry Workers",3753,106,2.75%
273042,Technical Writers,3826,108,2.75%
439061,"Office Clerks, General",132876,3705,2.71%
433031,"Bookkeeping, Accounting, and Auditing Clerks",126535,3508,2.70%
319096,Veterinary Assistants and Laboratory Animal Caretakers,5804,160,2.68%
511011,First-Line Supervisors of Production and Operating Workers,142742,3870,2.64%
413099,"Sales Representatives, Services, All Other",58193,1576,2.64%
273043,Writers and Authors,18623,495,2.59%
272011,Actors,2089,55,2.57%
291122,Occupational Therapists,11115,291,2.55%
536031,Automotive and Watercraft Service Attendants,14334,375,2.55%
292041,Emergency Medical Technicians and Paramedics,22570,583,2.52%
291131,Veterinarians,7886,202,2.50%
499021,"Heating, Air Conditioning, and Refrigeration Mechanics and Installers",34144,860,2.46%
536051,Transportation Inspectors,6846,171,2.44%
472111,Electricians,79938,1978,2.41%
319097,Phlebotomists,14337,351,2.39%
211092,Probation Officers and Correctional Treatment Specialists,9966,243,2.38%
431011,First-Line Supervisors of Office and Administrative Support Workers,132145,3211,2.37%
393031,"Ushers, Lobby Attendants, and Ticket Takers",6966,168,2.35%
419099,"Sales and Related Workers, All Other",31912,767,2.35%
119021,Construction Managers,48414,1156,2.33%
475021,"Earth Drillers, Except Oil and Gas",3189,75,2.30%
411012,First-Line Supervisors of Non-Retail Sales Workers,113853,2654,2.28%
353011,Bartenders,41641,953,2.24%
353022,"Counter Attendants, Cafeteria, Food Concession, and Coffee Shop",37194,847,2.23%
291151,Nurse Anesthetists,4483,101,2.20%
413021,Insurance Sales Agents,58548,1310,2.19%
432011,"Switchboard Operators, Including Answering Service",4833,106,2.15%
517011,Cabinetmakers and Bench Carpenters,7981,170,2.09%
112011,Advertising and Promotions Managers,2781,59,2.08%
472071,"Paving, Surfacing, and Tamping Equipment Operators",1194,25,2.05%
499071,"Maintenance and Repair Workers, General",66098,1376,2.04%
499031,Home Appliance Repairers,4042,84,2.04%
172081,Environmental Engineers,2097,41,1.92%
132081,"Tax Examiners and Collectors, and Revenue Agents",6293,122,1.90%
119141,"Property, Real Estate, and Community Association Managers",44553,842,1.85%
413031,"Securities, Commodities, and Financial Services Sales Agents",16030,290,1.78%
131151,Training and Development Specialists,14752,262,1.75%
519198,Helpers--Production Workers,3558,62,1.71%
131081,Logisticians,9889,160,1.59%
518031,Water and Wastewater Treatment Plant and System Operators,12163,187,1.51%
492096,"Electronic Equipment Installers and Repairers, Motor Vehicles",3410,52,1.50%
232011,Paralegals and Legal Assistants,32195,478,1.46%
434111,"Interviewers, Except Eligibility and Loan",15927,231,1.43%
434161,"Human Resources Assistants, Except Payroll and Timekeeping",7049,98,1.37%
372021,Pest Control Workers,7692,104,1.33%
391021,First-Line Supervisors of Personal Service Workers,8285,110,1.31%
512041,Structural Metal Fabricators and Fitters,5424,72,1.31%
131121,"Meeting, Convention, and Event Planners",9929,130,1.29%
434199,"Information and Record Clerks, All Other",12499,156,1.23%
439041,Insurance Claims and Policy Processing Clerks,44489,509,1.13%
132082,Tax Preparers,16614,188,1.12%
331011,First-Line Supervisors of Correctional Officers,5610,63,1.11%
435052,Postal Service Mail Carriers,37536,417,1.10%
319094,Medical Transcriptionists,6814,75,1.09%
274021,Photographers,16437,171,1.03%
173031,Surveying and Mapping Technicians,6756,69,1.01%
333021,Detectives and Criminal Investigators,10348,105,1.00%
412022,Parts Salespersons,10719,106,0.98%
194011,Agricultural and Food Science Technicians,4035,39,0.96%
434031,"Court, Municipal, and License Clerks",5490,53,0.96%
291071,Physician Assistants,7108,68,0.95%
537081,Refuse and Recyclable Material Collectors,9687,92,0.94%
399099,"Personal Care and Service Workers, All Other",16668,142,0.84%
131131,Fundraisers,10915,88,0.80%
132021,Appraisers and Assessors of Real Estate,7216,53,0.73%
519041,"Extruding, Forming, Pressing, and Compacting Machine Setters, Operators, and Tenders",9716,65,0.66%
413011,Advertising Sales Agents,17723,113,0.63%
331012,First-Line Supervisors of Police and Detectives,11444,66,0.57%
113061,Purchasing Managers,18062,100,0.55%
332011,Firefighters,32907,176,0.53%
292021,Dental Hygienists,16812,75,0.44%
499052,Telecommunications Line Installers and Repairers,14366,37,0.26%
499091,"Coin, Vending, and Amusement Machine Servicers and Repairers",6480,15,0.23%
